<?xml version="1.0" encoding="UTF-8"?>

<mule xmlns:context="http://www.springframework.org/schema/context"
	xmlns="http://www.mulesoft.org/schema/mule/core" xmlns:doc="http://www.mulesoft.org/schema/mule/documentation"
	xmlns:spring="http://www.springframework.org/schema/beans" xmlns:xsi="http://www.w3.org/2001/XMLSchema-instance"
	xsi:schemaLocation="http://www.springframework.org/schema/beans http://www.springframework.org/schema/beans/spring-beans-current.xsd
http://www.mulesoft.org/schema/mule/core http://www.mulesoft.org/schema/mule/core/current/mule.xsd
http://www.springframework.org/schema/context http://www.springframework.org/schema/context/spring-context-current.xsd">
	<context:property-placeholder location="launch-${env}.properties" />
	<catch-exception-strategy name="globalCatch_Exception_Strategy">
		<logger message="=====Malformed URL=========" level="INFO"
			doc:name="Logger" />
		<set-payload value="Invalid Input" doc:name="Set Payload" />
	</catch-exception-strategy>
	<configuration doc:name="Configuration">
	<expression-language>
		<import class="utils.MyUtils" />
		<global-functions>
    def calculateScore(temp,ws,wd) {
    return utils.MyUtils.calculateScore(temp,ws,wd);
    }
   </global-functions>
	</expression-language>
</configuration>
</mule>


